qiskit,linear,linear_reduced,shp_reduced,mst_reduced,shp,mst,random,random_reduced,graycode_reduced,gleinig,topdown,dcsp,bdsp,merge,cvoqram,pivot,isometry,ucg
120,758,60,47,55,746,740,751,58,54,23,239,273,239,23,130,122,120,120
120,741,35,57,37,746,739,752,45,33,23,240,238,167,23,119,96,120,120
114,746,59,35,33,739,737,752,70,39,22,226,224,260,22,118,116,114,114
120,741,26,35,45,742,740,741,56,38,16,240,210,204,16,86,111,120,120
120,745,49,46,49,743,742,752,62,36,18,240,343,296,18,144,113,120,120
120,763,42,52,36,748,744,753,72,53,22,222,385,336,22,139,102,120,120
120,750,52,26,43,740,740,753,68,32,30,226,273,221,30,147,118,120,120
120,749,61,44,51,742,738,744,98,79,20,230,301,289,20,150,117,120,120
108,753,49,47,42,743,742,749,78,70,18,214,280,230,18,140,105,108,120
120,753,48,52,53,748,746,749,62,38,32,236,322,248,32,133,97,120,120
120,750,74,33,33,739,737,748,48,52,21,224,329,270,21,110,115,120,120
120,744,48,49,51,746,743,751,67,66,27,240,266,211,27,94,79,120,120
120,755,50,54,63,750,744,748,67,51,28,240,266,258,28,103,82,120,120
120,744,37,40,34,735,734,753,60,51,22,239,168,161,22,94,97,120,120
120,754,77,39,43,745,740,754,70,54,19,228,378,334,19,159,102,120,120
120,751,44,51,51,747,742,755,55,58,32,240,294,253,32,131,103,120,120
120,757,42,34,41,749,745,763,57,61,30,240,273,205,30,145,119,120,120
120,758,76,48,58,744,743,761,88,65,27,240,329,291,27,160,85,120,120
120,748,41,30,46,743,742,744,74,58,19,240,322,253,19,150,84,120,120
58,746,49,35,42,740,736,741,87,37,22,178,273,241,22,86,98,58,58
120,750,50,55,54,743,739,747,55,58,31,236,259,238,31,154,123,120,120
114,750,41,38,36,743,739,759,76,56,21,230,336,294,21,168,120,114,114
120,754,47,55,56,753,747,761,64,38,38,240,357,299,38,126,114,120,120
120,747,52,37,44,740,735,750,76,63,32,236,273,251,32,133,114,120,120
120,744,58,36,43,742,738,755,87,48,19,218,329,289,19,152,118,120,120
102,752,36,41,40,746,740,756,68,43,21,214,301,282,21,130,115,102,120
120,749,45,37,40,743,741,747,70,66,31,216,280,202,31,103,97,120,120
120,752,61,31,20,735,735,757,40,77,17,240,287,266,17,126,124,120,120
120,750,78,35,55,738,736,753,77,70,22,236,308,268,22,152,101,120,120
120,750,44,71,53,746,737,741,64,56,20,236,301,252,20,120,117,120,120
120,750,41,37,39,741,741,761,73,54,19,210,301,267,19,113,113,120,120
120,752,72,42,41,739,737,754,95,64,25,236,280,239,25,140,115,120,120
120,747,51,32,33,738,738,755,91,54,15,204,245,231,15,106,114,120,120
120,750,47,43,46,740,740,761,90,65,17,240,273,297,17,118,117,120,120
120,749,54,37,40,744,742,754,62,60,27,240,343,318,27,129,102,120,120
120,750,53,44,44,739,738,751,46,62,31,232,301,256,31,143,112,120,120
120,754,49,50,54,745,739,759,66,45,33,240,280,270,33,112,102,120,120
120,747,41,41,41,745,739,747,53,57,22,212,357,278,22,122,118,120,120
120,750,44,41,47,745,740,761,59,36,25,240,350,289,25,169,119,120,120
120,760,84,33,34,736,737,753,62,62,16,230,371,340,16,157,101,120,120
120,754,51,53,52,748,747,754,72,47,29,236,336,295,29,127,115,120,120
120,748,41,33,55,740,738,749,50,40,21,240,210,212,21,83,98,120,120
120,756,34,30,38,746,744,751,49,45,26,240,336,301,26,145,117,120,120
120,755,60,24,30,737,737,753,76,56,20,230,280,282,20,130,101,120,120
120,753,87,48,47,744,741,753,105,48,21,220,322,290,21,143,118,120,120
120,744,48,60,40,744,738,754,68,47,19,223,252,210,19,120,97,120,120
120,746,41,24,34,740,740,748,60,39,22,234,238,235,22,115,111,120,120
116,747,41,35,41,739,736,744,51,68,21,228,364,356,21,151,116,116,120
120,748,43,47,34,741,739,757,58,48,26,206,287,250,26,126,102,120,120
120,746,50,33,51,738,736,754,67,62,25,232,322,259,25,144,116,120,120
120,746,57,20,26,733,733,760,67,41,21,240,280,252,21,164,120,120,120
120,754,47,37,43,743,742,749,49,63,26,232,266,302,26,109,117,120,120
118,748,43,43,47,747,743,755,51,57,24,238,343,302,24,133,117,118,118
120,742,37,31,32,736,734,753,52,51,22,216,266,237,22,112,113,120,120
120,754,47,39,45,742,741,753,76,45,21,240,273,289,21,110,114,120,120
120,758,47,52,58,749,748,756,58,69,22,232,266,232,22,125,85,120,120
120,750,41,39,49,749,742,761,61,51,41,232,350,319,41,154,108,120,120
120,756,44,30,50,749,747,753,74,62,30,236,336,302,30,121,112,120,120
120,742,28,33,42,742,733,744,82,48,20,240,301,257,20,120,111,120,120
120,750,62,44,44,750,743,761,79,63,23,234,280,267,23,130,103,120,120
120,744,46,22,42,739,738,762,75,46,17,222,378,324,17,151,118,120,120
120,750,49,24,42,740,738,744,43,51,19,232,266,248,19,129,119,120,120
120,752,45,28,53,746,741,750,88,50,23,240,273,255,23,105,118,120,120
120,752,64,37,32,743,737,747,45,57,28,240,252,301,28,124,115,120,120
120,753,56,41,45,746,744,760,77,58,22,240,315,282,22,132,116,120,120
120,752,47,41,52,746,745,753,55,60,24,222,266,266,24,127,112,120,120
120,750,45,46,43,742,741,753,70,52,19,222,315,259,19,133,116,120,120
118,755,61,40,59,746,746,760,70,58,26,238,343,307,26,140,116,118,118
120,748,45,45,59,748,747,754,77,41,30,238,364,305,30,129,99,120,120
120,750,45,41,51,745,745,761,62,45,19,238,308,221,19,143,115,120,120
90,744,30,35,26,739,736,758,62,38,25,194,238,224,25,80,79,90,90
120,760,63,40,49,754,750,750,69,64,28,222,357,331,28,130,102,120,120
106,742,46,32,41,739,734,751,67,46,26,196,245,221,26,87,115,106,106
120,760,53,47,55,752,744,763,56,41,26,240,294,298,26,112,99,120,120
120,755,58,48,47,745,743,756,49,55,21,224,287,258,21,109,97,120,120
118,749,43,41,40,746,744,751,76,57,25,238,273,277,25,126,119,118,118
120,752,56,39,51,744,744,749,56,48,28,234,287,244,28,151,113,120,120
120,748,103,47,70,737,736,747,77,54,17,234,315,239,17,155,119,120,120
118,756,51,58,76,753,748,760,80,50,33,236,336,313,33,121,118,118,118
120,752,54,52,54,747,743,754,69,62,34,232,378,329,34,151,119,120,120
120,748,34,55,44,752,742,753,74,48,22,212,252,266,22,94,101,120,120
120,743,37,33,36,739,738,756,58,33,31,238,301,267,31,121,116,120,120
120,743,53,45,36,740,736,748,53,62,21,240,322,265,21,116,119,120,120
120,752,56,49,47,746,744,754,61,58,24,240,322,274,24,148,118,120,120
120,749,59,35,43,741,739,754,58,30,21,240,301,255,21,173,121,120,120
118,742,35,22,39,738,736,758,45,46,15,226,259,183,15,111,77,118,118
120,758,58,30,37,744,742,761,77,52,27,224,322,261,27,145,116,120,120
120,753,55,54,55,751,747,756,64,58,30,240,315,253,30,117,98,120,120
120,748,50,37,43,743,742,746,49,49,18,240,392,329,18,122,110,120,120
120,760,73,37,61,742,738,760,69,45,21,198,294,245,21,126,104,120,120
120,755,55,26,34,739,739,753,86,49,20,228,273,224,20,127,115,120,120
120,746,30,44,24,738,737,745,68,24,17,204,322,250,17,118,98,120,120
120,748,43,47,56,752,746,750,67,56,22,228,336,292,22,130,116,120,120
114,754,56,41,49,746,740,754,70,54,26,230,357,275,26,124,120,114,114
120,748,50,22,37,738,738,762,75,57,25,240,343,250,25,125,114,120,120
120,756,56,34,50,741,742,759,58,34,25,234,273,230,25,119,116,120,120
120,748,41,48,54,743,739,760,75,54,23,230,322,260,23,147,115,120,120
120,749,63,35,56,742,737,748,66,55,31,228,329,269,31,149,118,120,120
120,758,53,41,47,748,746,758,58,49,26,230,308,266,26,131,110,120,120
118,754,35,41,45,744,745,762,65,43,26,236,357,301,26,140,107,118,118
114,748,51,35,57,740,740,757,62,45,20,234,315,266,20,162,120,114,120
120,745,43,30,46,744,744,764,43,59,23,230,287,253,23,128,116,120,120
120,754,57,53,46,746,739,758,66,51,28,240,357,283,28,151,106,120,120
118,749,52,48,56,742,743,755,62,70,20,226,420,363,20,164,117,118,118
120,749,62,39,38,744,741,754,93,66,20,216,315,337,20,129,120,120,120
120,752,61,28,39,741,741,758,66,39,27,234,266,234,27,121,99,120,120
120,744,53,33,40,739,737,752,60,46,29,220,301,214,29,124,113,120,120
120,750,54,33,46,740,738,760,70,55,29,240,280,269,29,140,112,120,120
120,757,60,52,66,748,744,751,73,58,23,224,413,336,23,160,117,120,120
120,749,50,24,43,741,740,750,71,39,20,240,252,177,20,132,95,120,120
120,747,62,31,31,735,733,755,55,67,22,232,203,167,22,154,117,120,120
120,745,49,38,38,744,741,759,68,55,20,220,329,288,20,132,98,120,120
120,753,43,48,50,746,740,752,43,41,30,240,252,219,30,117,110,120,120
120,752,62,37,43,742,741,751,42,32,32,240,378,318,32,150,100,120,120
118,746,58,44,49,742,736,749,52,58,21,238,315,225,21,177,121,118,118
118,749,54,28,46,742,741,754,63,43,27,204,294,244,27,128,119,118,120
120,750,74,31,32,740,737,756,87,74,16,240,378,295,16,167,103,120,120
120,748,50,30,43,742,736,747,47,27,24,240,238,228,24,108,101,120,120
120,753,68,50,49,745,742,751,64,50,25,240,287,229,25,119,98,120,120
118,743,28,24,30,739,739,753,42,42,20,224,259,266,20,88,112,118,118
120,758,54,52,43,747,744,763,68,55,19,240,350,355,19,143,102,120,120
120,746,30,52,55,748,742,748,51,57,25,212,245,225,25,87,103,120,120
120,752,56,52,45,749,744,753,47,51,29,232,280,266,29,133,107,120,120
120,747,52,49,47,746,742,753,45,53,30,226,357,312,30,141,115,120,120
120,742,66,22,57,738,735,744,74,77,20,240,336,221,20,142,79,120,120
120,747,51,41,49,740,736,747,57,46,25,218,273,245,25,138,114,120,120
120,760,62,39,42,743,742,749,68,59,24,232,266,203,24,127,112,120,120
120,754,54,37,44,742,740,758,77,37,25,232,294,225,25,168,112,120,120
120,739,32,33,31,740,737,749,75,28,24,232,350,236,24,146,118,120,120
120,748,60,51,50,748,740,750,62,71,34,240,217,250,34,114,118,120,120
120,740,30,16,26,733,733,740,63,24,20,240,189,200,20,68,97,120,120
120,748,51,39,42,745,744,748,59,53,25,212,420,324,25,143,105,120,120
120,751,52,47,32,743,739,756,62,63,23,240,245,217,23,149,112,120,120
120,750,52,48,41,746,741,758,97,52,33,230,357,279,33,140,115,120,120
120,758,62,41,44,745,743,757,61,36,24,220,308,259,24,124,113,120,120
120,755,58,61,57,746,743,759,67,64,25,234,280,250,25,152,125,120,120
120,756,56,48,52,744,740,746,60,32,20,236,259,200,20,105,112,120,120
120,740,45,33,30,737,734,742,66,35,24,240,252,248,24,131,115,120,120
120,747,41,46,45,742,740,762,89,58,29,223,245,220,29,126,112,120,120
106,748,52,39,46,744,740,758,100,47,20,206,336,242,20,145,115,106,106
120,748,31,22,31,740,735,746,37,30,16,240,238,249,16,98,119,120,120
118,744,57,35,45,740,738,744,59,43,23,194,280,165,23,139,111,118,118
120,760,65,39,52,745,743,756,53,65,28,240,301,256,28,121,118,120,120
120,744,55,31,42,737,738,748,58,60,16,240,231,227,16,83,96,120,120
120,755,60,48,44,745,746,756,77,78,27,236,308,296,27,110,98,120,120
120,755,60,35,34,738,738,747,65,42,23,238,252,175,23,108,96,120,120
120,752,57,30,54,744,742,752,43,42,20,216,301,258,20,131,121,120,120
120,757,47,32,35,741,739,758,63,43,22,220,329,327,22,133,113,120,120
120,750,52,35,24,739,739,761,45,48,20,240,287,214,20,110,113,120,120
120,746,47,34,47,741,742,744,55,38,22,240,182,122,22,96,83,120,120
120,750,54,40,40,744,744,756,62,72,23,240,315,223,23,146,122,120,120
120,746,80,62,69,740,738,748,103,47,20,240,322,242,20,164,123,120,120
120,751,76,29,30,735,733,755,83,56,30,236,322,323,30,154,117,120,120
120,753,49,54,45,742,736,750,88,57,32,226,231,252,32,91,101,120,120
120,762,73,32,46,744,743,753,55,48,27,240,301,280,27,136,121,120,120
120,754,56,39,39,744,742,753,62,53,36,216,294,336,36,129,119,120,120
120,744,48,37,42,744,742,745,58,47,23,236,371,276,23,155,119,120,120
120,750,48,51,46,747,744,743,76,70,30,240,273,307,30,114,105,120,120
120,750,54,46,35,744,739,749,67,54,21,228,280,232,21,118,117,120,120
120,753,47,43,42,747,745,758,58,53,23,234,266,220,23,129,116,120,120
120,754,67,39,52,744,742,756,81,53,22,228,259,209,22,142,121,120,120
120,754,47,43,47,749,746,752,55,70,26,226,315,279,26,129,102,120,120
120,745,49,33,38,740,739,754,95,49,26,198,273,235,26,115,97,120,120
120,754,65,28,41,745,741,757,62,55,23,234,273,233,23,121,118,120,120
120,751,86,20,59,740,736,745,64,20,20,240,315,229,20,154,118,120,120
120,746,41,35,33,740,740,755,95,50,19,236,385,325,19,153,98,120,120
120,758,64,45,39,750,741,757,72,56,25,240,329,304,25,139,115,120,120
120,738,28,28,37,736,732,746,47,47,24,240,273,243,24,80,100,120,120
120,743,39,35,35,741,739,749,59,50,25,236,273,221,25,129,99,120,120
120,746,50,35,49,742,737,753,60,75,21,240,203,238,21,125,103,120,120
120,756,56,42,41,740,735,751,47,68,20,238,273,248,20,111,113,120,120
120,744,39,33,50,739,739,750,106,41,25,240,280,271,25,100,96,120,120
120,752,62,40,66,746,740,752,93,51,30,240,378,261,30,144,113,120,120
120,757,63,43,46,747,744,759,73,62,28,220,343,292,28,139,114,120,120
120,747,40,41,47,744,744,756,48,56,20,238,399,307,20,149,118,120,120
120,739,43,33,44,738,738,742,79,41,24,240,217,158,24,101,113,120,120
120,747,73,35,52,746,739,753,86,37,28,202,385,278,28,154,117,120,120
120,747,47,56,51,742,736,751,42,48,28,236,280,253,28,104,96,120,120
120,753,51,42,54,749,744,759,80,47,28,234,336,290,28,155,104,120,120
120,745,60,42,48,739,737,758,77,24,19,240,238,223,19,133,104,120,120
120,756,52,35,45,739,736,750,75,53,24,240,217,184,24,118,89,120,120
120,759,74,62,57,745,740,753,87,57,29,238,294,287,29,103,103,120,120
120,754,68,23,46,742,742,752,75,52,18,236,266,237,18,106,98,120,120
120,766,68,37,43,742,742,762,52,42,21,212,294,238,21,136,114,120,120
120,750,45,38,36,745,742,753,76,54,27,230,420,333,27,152,117,120,120
114,751,46,38,48,744,738,758,54,48,22,226,322,244,22,128,120,114,114
120,753,56,28,47,742,742,758,61,56,30,228,203,181,30,112,113,120,120
120,749,43,39,42,744,744,749,57,47,24,222,357,286,24,159,113,120,120
120,746,39,50,57,745,741,749,74,34,20,236,308,264,20,116,116,120,120
120,766,74,28,48,744,744,760,70,55,22,236,322,316,22,151,98,120,120
120,748,43,50,58,747,744,746,68,59,28,228,308,304,28,111,118,120,120
120,753,67,52,60,754,742,753,77,58,30,240,308,312,30,131,86,120,120
120,746,40,48,41,744,742,752,66,57,27,231,301,235,27,120,121,120,120
120,741,35,35,53,742,742,758,55,62,25,238,378,303,25,129,99,120,120
120,742,38,35,37,739,738,748,44,38,19,240,252,210,19,79,116,120,120
120,760,64,45,49,748,744,757,68,40,32,212,301,282,32,138,109,120,120
120,754,57,37,41,743,739,754,67,51,20,228,259,171,20,147,118,120,120
120,745,36,37,51,743,743,750,60,54,32,238,315,309,32,109,114,120,120
120,744,41,39,54,742,740,750,49,62,20,210,252,278,20,99,98,120,120
120,750,45,54,52,747,746,766,70,55,31,240,350,343,31,132,116,120,120
120,758,50,37,41,742,738,752,87,45,30,240,175,162,30,101,122,120,120
120,757,51,55,56,753,746,753,74,34,26,236,280,233,26,140,123,120,120
120,749,62,48,58,744,742,751,58,65,17,232,336,259,17,149,103,120,120
120,747,48,38,39,736,732,750,49,80,24,237,252,233,24,110,109,120,120
120,745,48,39,47,746,744,752,68,68,30,228,294,274,30,138,114,120,120
120,753,75,35,36,738,739,754,56,47,29,230,322,287,29,143,120,120,120
120,747,52,35,35,741,742,753,47,67,27,240,294,208,27,129,118,120,120
120,749,54,39,39,742,740,755,69,35,19,238,420,318,19,146,116,120,120
120,754,58,35,41,743,744,754,54,50,21,236,343,234,21,185,120,120,120
120,752,37,94,62,747,743,754,49,56,31,218,364,280,31,141,100,120,120
120,752,47,39,59,747,746,760,83,63,22,230,350,311,22,145,82,120,120
120,744,43,24,41,739,737,742,91,39,25,224,378,260,25,151,117,120,120
120,762,74,46,45,743,741,751,30,54,31,230,378,316,31,146,120,120,120
120,755,55,39,45,744,740,750,49,50,31,236,336,258,31,150,106,120,120
120,759,74,41,55,744,745,756,55,55,26,234,322,255,26,119,100,120,120
120,746,48,28,50,738,736,750,66,33,26,224,301,237,26,130,106,120,120
120,754,49,28,40,742,741,762,60,56,21,240,301,267,21,132,117,120,120
120,757,79,36,38,742,738,754,46,43,19,240,329,280,19,111,88,120,120
118,750,45,53,56,752,744,760,92,69,28,238,294,240,28,108,88,118,120
120,742,35,24,43,740,740,754,79,53,29,240,315,240,29,116,98,120,120
120,740,43,31,43,738,734,745,69,46,22,240,189,149,22,114,113,120,120
120,750,63,21,30,738,736,751,75,37,32,240,357,287,32,156,121,120,120
116,746,36,34,47,741,741,760,47,52,20,236,364,304,20,137,121,116,120
120,756,56,50,50,747,743,751,77,54,27,234,287,232,27,140,120,120,120
120,754,64,37,39,744,741,747,57,45,26,240,280,223,26,151,120,120,120
120,751,76,26,34,739,736,750,53,51,21,238,245,228,21,138,102,120,120
120,752,56,26,46,741,741,752,57,51,25,240,210,184,25,107,116,120,120
120,743,36,35,43,742,740,758,67,57,27,226,294,235,27,155,112,120,120
120,749,61,50,49,744,740,752,83,56,22,240,315,263,22,127,118,120,120
120,757,61,39,50,743,741,755,80,40,22,234,378,312,22,140,86,120,120
120,749,52,31,28,736,733,749,85,61,22,240,308,231,22,135,98,120,120
120,752,56,37,49,743,742,752,61,47,31,218,336,283,31,137,113,120,120
120,752,64,26,36,738,737,757,75,25,26,234,329,277,26,129,116,120,120
120,742,53,31,37,738,736,754,68,68,26,240,294,230,26,139,111,120,120
120,746,39,33,20,738,736,747,53,81,20,240,329,289,20,140,120,120,120
120,749,61,48,48,743,739,751,52,52,30,240,273,228,30,143,104,120,120
120,754,67,35,43,739,738,754,59,64,24,234,329,254,24,143,115,120,120
120,750,54,48,59,741,741,746,73,37,26,220,196,178,26,112,87,120,120
120,754,58,47,41,742,740,758,88,53,25,240,238,236,25,113,87,120,120
120,744,45,31,29,738,735,752,63,35,22,234,364,260,22,138,116,120,120
120,751,45,44,69,743,740,751,47,45,27,238,301,294,27,109,111,120,120
120,757,50,43,45,750,745,758,62,62,27,236,336,299,27,119,100,120,120
120,755,47,51,42,748,745,751,60,47,24,216,315,305,24,132,125,120,120
58,745,48,53,50,739,737,748,91,46,23,174,357,300,23,112,120,58,58
120,746,50,43,47,746,742,747,94,52,26,232,301,257,26,120,116,120,120
118,748,68,35,40,739,737,756,75,37,22,238,287,232,22,142,115,118,118
120,752,46,46,30,744,740,753,59,56,21,234,273,233,21,109,115,120,120
114,747,58,52,60,747,740,752,59,59,19,228,315,283,19,131,118,114,114
120,746,57,56,42,743,738,744,47,57,21,232,266,211,21,133,116,120,120
116,752,47,39,38,746,744,760,76,60,29,235,280,228,29,151,113,116,120
120,754,56,51,53,746,745,755,54,60,28,240,364,342,28,155,121,120,120
120,742,40,54,47,739,735,746,85,64,27,240,252,200,27,126,117,120,120
120,744,26,35,43,744,743,749,57,60,19,228,252,252,19,91,101,120,120
120,750,55,48,39,746,741,745,47,76,28,240,301,229,28,123,118,120,120
120,762,55,47,48,743,741,754,66,68,33,240,273,245,33,136,119,120,120
120,738,52,42,37,740,732,751,110,93,17,240,280,219,17,148,118,120,120
120,753,56,35,38,740,738,751,63,45,20,218,280,267,20,119,115,120,120
120,747,43,26,37,741,737,746,85,51,25,240,343,241,25,164,117,120,120
120,752,59,46,61,740,739,740,61,79,25,240,308,244,25,115,120,120,120
120,753,56,50,55,747,742,744,55,46,28,226,315,251,28,149,107,120,120
118,750,53,39,39,744,744,750,45,58,30,210,329,255,30,138,118,118,118
120,744,47,32,34,745,736,752,57,92,20,238,343,219,20,146,101,120,120
120,758,60,43,59,750,750,758,64,45,24,236,266,260,24,114,88,120,120
120,748,54,39,50,744,743,760,72,49,19,210,315,252,19,108,104,120,120
120,746,39,33,34,740,738,748,78,42,20,208,259,166,20,114,120,120,120
120,745,41,45,42,744,740,755,88,34,23,228,350,297,23,131,115,120,120
120,749,41,31,60,740,737,751,74,33,24,240,287,215,24,116,98,120,120
120,756,45,35,33,739,738,756,46,58,29,238,294,258,29,147,120,120,120
120,744,76,34,38,738,735,750,54,40,21,240,294,321,21,133,115,120,120
106,740,24,37,24,742,740,750,60,56,19,204,301,226,19,126,109,106,106
120,750,43,50,42,747,741,745,66,50,20,240,322,263,20,144,101,120,120
120,754,47,46,39,744,742,758,68,51,29,208,252,230,29,110,98,120,120
120,752,56,39,44,743,742,768,71,54,24,224,364,286,24,160,117,120,120
120,752,47,43,59,750,744,749,42,36,27,240,315,283,27,135,114,120,120
120,751,45,35,26,738,737,747,53,44,21,224,294,247,21,137,110,120,120
120,746,50,39,40,743,740,752,53,55,23,238,322,253,23,158,118,120,120
120,754,56,50,39,747,740,759,76,50,23,226,280,238,23,138,107,120,120
120,744,70,48,61,744,742,752,70,67,20,225,315,230,20,137,114,120,120
120,755,40,37,44,745,744,758,49,44,19,220,287,257,19,112,115,120,120
120,747,48,26,36,738,739,762,89,54,20,240,364,303,20,134,121,120,120
90,738,31,43,35,739,732,745,84,31,21,210,210,212,21,86,99,90,90
120,746,37,31,34,738,734,748,52,48,32,240,210,179,32,109,112,120,120
120,752,53,24,35,740,739,754,44,54,20,230,294,263,20,156,125,120,120
120,755,59,35,43,742,742,746,58,46,30,240,322,241,30,178,123,120,120
120,753,56,26,25,739,738,754,78,40,21,228,329,282,21,152,115,120,120
120,756,60,56,53,751,748,756,64,43,23,232,385,346,23,138,112,120,120
120,753,66,40,38,745,742,746,51,53,25,236,301,298,25,125,118,120,120
118,743,38,46,38,743,738,750,67,57,24,238,329,319,24,127,102,118,118
120,748,60,22,28,737,737,750,60,47,29,208,252,230,29,104,78,120,120
120,748,53,33,33,740,740,758,49,32,20,210,343,260,20,120,113,120,120
120,745,41,43,49,746,744,749,52,62,30,240,357,317,30,131,115,120,120
120,757,51,39,48,747,743,747,55,58,20,236,350,330,20,138,111,120,120
120,753,64,37,58,740,742,759,67,37,22,240,371,281,22,122,97,120,120
120,752,45,33,28,740,740,748,43,27,23,214,315,275,23,119,116,120,120
118,742,35,40,38,740,739,752,65,72,21,232,287,232,21,119,113,118,118
120,743,41,26,36,739,736,748,75,52,16,236,273,261,16,136,110,120,120
120,747,33,46,32,740,737,754,66,26,17,210,315,219,17,113,97,120,120
120,750,52,44,48,741,738,749,53,88,23,224,245,204,23,95,97,120,120
120,762,64,44,34,739,737,755,69,57,27,240,336,287,27,105,115,120,120
120,749,45,39,48,744,744,766,50,52,28,240,266,231,28,133,106,120,120
120,756,70,39,63,748,746,758,75,49,27,222,378,298,27,167,115,120,120
120,746,41,37,51,740,738,748,81,61,19,230,357,342,19,151,100,120,120
120,744,77,40,49,742,738,750,63,57,17,226,371,297,17,164,116,120,120
120,755,60,39,47,748,746,752,56,58,33,232,266,252,33,128,115,120,120
120,746,43,45,48,749,742,757,64,44,29,240,294,255,29,164,124,120,120
120,751,87,44,42,742,740,754,101,62,29,235,301,249,29,156,120,120,120
120,754,57,56,58,752,746,756,51,48,29,226,343,266,29,159,125,120,120
120,747,53,35,44,745,743,756,65,42,23,240,329,273,23,119,115,120,120
120,747,59,24,65,741,739,745,37,64,20,240,392,249,20,178,122,120,120
106,750,50,36,47,740,740,751,65,53,20,226,280,283,20,147,117,106,106
120,756,56,52,44,748,743,756,60,62,24,236,259,260,24,119,99,120,120
120,755,50,32,63,743,743,753,40,51,24,232,315,283,24,150,121,120,120
120,747,42,83,64,747,736,748,41,45,24,232,273,252,24,121,102,120,120
120,745,39,33,25,739,736,744,42,41,18,236,266,171,18,134,115,120,120
120,754,38,62,47,745,744,758,50,41,29,236,308,295,29,152,119,120,120
120,754,55,47,46,741,737,754,71,32,27,240,245,222,27,121,118,120,120
120,752,45,43,43,747,742,760,57,36,29,234,329,296,29,125,111,120,120
118,749,48,52,51,747,745,754,69,70,29,238,245,233,29,103,84,118,118
120,761,64,30,51,746,741,765,64,40,30,224,280,267,30,106,101,120,120
120,748,52,48,53,748,748,750,65,58,30,240,266,234,30,97,86,120,120
120,756,60,43,46,747,742,756,52,49,30,234,343,304,30,151,112,120,120
120,746,32,30,39,742,740,751,63,60,21,238,287,263,21,121,112,120,120
120,747,46,46,40,742,739,759,56,51,28,232,315,246,28,156,122,120,120
120,751,47,37,52,741,741,747,63,43,36,240,301,251,36,112,113,120,120
120,747,34,50,51,747,745,747,59,57,23,224,336,296,23,128,84,120,120
120,755,58,41,49,747,743,757,60,43,23,240,343,300,23,163,124,120,120
120,755,60,45,44,749,750,763,62,59,24,220,357,306,24,145,117,120,120
120,756,66,40,51,747,745,754,70,60,23,236,329,241,23,168,124,120,120
118,747,61,37,62,746,741,751,57,50,19,226,315,266,19,135,119,118,120
116,750,54,33,26,738,738,756,57,58,19,236,238,204,19,111,68,116,120
120,748,52,30,33,735,734,754,42,45,27,240,266,202,27,151,121,120,120
120,750,47,26,35,739,739,766,81,43,18,232,287,233,18,126,115,120,120
120,744,41,39,53,742,741,748,62,39,21,240,259,228,21,132,119,120,120
120,750,61,39,53,746,743,759,70,54,19,236,336,312,19,148,120,120,120
120,759,56,52,52,745,742,751,79,47,35,239,259,209,35,146,113,120,120
120,744,46,33,41,740,737,746,45,49,22,240,266,247,22,118,110,120,120
120,747,51,44,38,738,737,749,72,39,24,216,273,219,24,129,117,120,120
120,752,45,41,49,750,748,760,55,32,30,224,336,265,30,137,116,120,120
120,749,43,39,48,744,742,754,68,68,30,240,385,304,30,146,105,120,120
120,743,46,33,48,738,737,747,97,71,21,234,224,186,21,121,98,120,120
106,751,52,50,47,743,740,757,48,43,24,206,371,298,24,139,105,106,106
120,749,43,32,41,745,746,755,71,54,24,206,322,284,24,128,120,120,120
120,748,52,52,44,748,742,752,68,65,28,238,280,271,28,138,119,120,120
120,745,49,28,32,743,737,760,60,77,18,240,294,291,18,129,110,120,120
120,753,44,43,51,746,745,760,57,69,31,220,343,282,31,152,116,120,120
120,747,61,37,45,742,740,753,56,44,25,240,357,282,25,135,121,120,120
120,747,56,40,37,737,737,750,72,51,25,208,280,205,25,110,98,120,120
120,750,71,35,33,742,740,756,50,56,19,224,294,284,19,127,121,120,120
90,750,54,57,47,746,738,746,62,38,17,198,350,287,17,135,117,90,90
120,742,37,32,54,737,734,751,63,53,25,216,224,164,25,99,98,120,120
120,751,35,30,42,742,741,750,68,47,22,232,245,223,22,117,101,120,120
120,754,59,39,51,743,741,756,82,57,25,238,434,318,25,159,118,120,120
120,750,55,48,41,744,740,758,79,53,20,240,287,259,20,113,115,120,120
120,757,53,43,45,746,738,747,52,53,21,240,294,303,21,108,111,120,120
120,745,40,39,50,745,743,755,80,45,30,240,357,248,30,146,117,120,120
120,752,65,35,34,740,739,748,79,52,23,240,287,228,23,139,99,120,120
120,750,55,41,44,745,737,760,66,39,20,228,287,278,20,100,112,120,120
120,757,54,50,45,747,747,757,66,66,27,230,329,287,27,136,119,120,120
120,763,53,39,50,745,739,760,81,47,24,228,266,221,24,130,98,120,120
120,747,43,35,41,741,737,757,53,51,18,240,266,253,18,130,116,120,120
120,750,43,54,63,749,745,758,57,40,25,240,385,328,25,139,117,120,120
120,750,34,39,45,743,743,752,113,51,27,230,378,309,27,150,117,120,120
120,748,40,46,40,744,740,746,81,74,20,240,315,261,20,117,108,120,120
120,753,49,62,41,748,742,752,85,43,26,232,301,288,26,130,116,120,120
120,738,22,29,29,734,734,758,74,44,15,236,301,223,15,134,115,120,120
120,748,29,37,49,743,737,754,67,50,20,240,301,281,20,113,113,120,120
120,743,41,31,24,735,734,747,85,45,20,232,329,276,20,125,117,120,120
120,754,67,43,47,748,741,750,60,48,26,234,266,238,26,140,104,120,120
120,762,66,30,36,744,744,753,71,61,22,238,336,300,22,152,121,120,120
120,746,48,31,40,737,738,750,50,31,28,240,245,175,28,131,118,120,120
120,745,38,31,24,737,737,750,42,38,26,240,350,270,26,157,120,120,120
120,741,34,33,36,737,736,745,40,33,18,224,224,187,18,122,119,120,120
120,750,43,48,48,742,741,759,84,37,21,212,350,284,21,145,120,120,120
120,748,63,36,41,740,738,740,51,49,27,239,189,169,27,126,101,120,120
120,762,46,37,30,743,743,747,51,59,28,230,343,302,28,162,119,120,120
120,751,63,37,48,743,742,746,47,63,30,240,343,297,30,141,103,120,120
120,748,43,35,45,743,740,750,45,46,25,232,301,281,25,102,116,120,120
120,748,53,28,36,744,741,761,58,46,22,230,308,268,22,138,98,120,120
120,747,43,32,30,739,736,747,69,43,20,240,287,288,20,112,105,120,120
118,745,41,48,40,745,739,748,90,26,16,238,357,302,16,133,119,118,120
120,745,39,45,39,740,737,756,47,26,17,240,210,226,17,85,95,120,120
120,754,45,39,33,744,744,752,60,52,22,236,378,335,22,153,117,120,120
120,752,77,44,46,742,740,753,65,46,27,236,329,249,27,163,116,120,120
120,747,91,28,63,741,739,747,71,49,19,228,378,337,19,172,122,120,120
120,749,44,35,55,742,739,753,67,56,20,212,266,267,20,104,114,120,120
120,745,39,33,30,738,734,754,47,69,21,240,182,201,21,84,97,120,120
120,761,65,41,49,745,746,759,58,74,26,232,329,284,26,147,102,120,120
120,751,66,56,55,750,745,753,73,56,27,220,266,217,27,139,118,120,120
120,755,55,26,37,743,740,753,56,60,24,240,364,293,24,160,119,120,120
120,748,50,30,54,744,744,770,58,58,21,240,350,284,21,139,118,120,120
118,748,38,39,55,744,744,752,59,38,27,206,259,184,27,111,89,118,118
120,750,36,32,34,746,742,763,62,61,26,238,294,291,26,139,103,120,120
106,752,80,63,24,737,734,742,63,53,22,220,287,280,22,88,85,106,106
114,746,69,31,34,737,734,757,55,37,23,228,336,273,23,125,116,114,114
120,751,47,37,41,743,743,757,79,39,23,238,280,287,23,104,91,120,120
120,747,43,37,39,741,739,749,37,28,18,236,273,265,18,111,115,120,120
120,756,47,45,42,750,743,750,65,47,27,236,336,288,27,150,87,120,120
120,752,55,41,44,748,745,760,76,58,27,206,392,311,27,147,112,120,120
120,747,40,68,47,743,738,745,94,35,19,236,350,273,19,144,116,120,120
108,756,49,41,42,746,744,758,66,67,24,228,343,319,24,135,118,108,120
120,752,56,40,34,744,742,751,93,47,21,240,371,285,21,156,94,120,120
120,756,54,50,38,745,740,758,60,40,29,236,301,273,29,144,101,120,120
120,745,53,48,48,744,737,749,70,46,23,224,301,289,23,132,102,120,120
120,750,76,32,40,742,736,756,46,46,22,224,350,273,22,157,113,120,120
120,747,49,39,53,742,738,753,70,39,21,224,308,249,21,135,121,120,120
120,744,46,22,41,737,736,756,97,82,24,240,308,277,24,134,115,120,120
106,749,45,56,54,742,740,750,50,43,18,206,259,232,18,120,124,106,106
120,747,50,33,41,738,736,750,74,39,24,238,301,257,24,140,116,120,120
120,758,53,35,44,740,740,761,72,52,34,238,266,246,34,132,117,120,120
106,741,44,39,43,737,735,745,72,49,24,208,245,312,24,112,113,106,106
120,748,43,50,68,744,742,749,66,57,18,228,238,213,18,141,117,120,120
120,746,48,37,47,741,741,755,70,54,23,228,364,292,23,117,114,120,120
120,750,51,48,56,744,744,762,63,54,30,240,322,294,30,119,82,120,120
120,745,41,41,46,745,744,768,77,34,26,234,329,289,26,120,119,120,120
120,753,49,38,41,747,741,750,52,42,22,240,357,317,22,145,114,120,120
120,743,46,22,46,737,735,743,52,42,20,240,238,189,20,122,112,120,120
120,741,46,31,43,737,736,754,88,58,20,240,252,225,20,103,115,120,120
120,746,41,44,30,741,737,749,45,64,23,240,315,272,23,166,114,120,120
120,753,52,43,51,749,744,759,53,55,24,240,273,222,24,119,94,120,120
120,752,56,48,48,743,744,759,74,51,29,228,336,329,29,121,114,120,120
120,751,47,35,40,738,740,750,53,41,28,212,238,222,28,112,101,120,120
120,750,53,24,53,743,742,749,59,48,30,240,308,225,30,139,101,120,120
120,752,49,43,44,746,746,756,51,49,31,236,350,295,31,132,105,120,120
120,751,43,35,34,745,744,749,34,43,26,236,357,289,26,157,120,120,120
120,756,61,26,35,738,736,749,97,49,21,240,294,276,21,117,110,120,120
120,757,36,43,48,746,745,760,61,43,22,240,273,257,22,117,93,120,120
120,741,46,26,42,743,736,749,63,46,17,236,301,215,17,147,101,120,120
120,751,46,33,52,743,741,749,55,47,24,240,343,281,24,124,95,120,120
118,742,42,48,48,743,738,754,59,45,30,226,350,310,30,138,116,118,118
120,747,31,34,49,743,739,760,58,60,28,240,315,254,28,130,115,120,120
120,754,60,41,40,744,744,749,73,56,29,240,301,259,29,145,105,120,120
118,756,58,41,49,747,746,765,51,66,30,234,406,348,30,160,125,118,118
120,748,50,33,40,738,738,752,69,42,18,238,322,276,18,116,101,120,120
120,748,58,37,44,745,739,755,52,74,22,240,336,339,22,136,98,120,120
120,754,96,35,32,740,735,754,92,52,20,240,315,301,20,154,123,120,120
120,745,36,30,28,739,737,753,94,47,28,224,315,305,28,116,122,120,120
120,744,58,40,51,744,740,751,71,63,22,240,315,294,22,123,119,120,120
120,750,56,26,37,738,740,756,74,50,22,240,392,287,22,153,114,120,120
106,750,36,30,45,747,741,761,44,45,20,212,308,283,20,110,116,106,106
120,762,62,48,39,742,740,748,44,48,33,228,287,288,33,151,123,120,120
120,749,42,31,31,738,737,747,60,44,21,240,224,179,21,123,98,120,120
120,757,51,52,38,747,741,759,65,66,26,228,224,207,26,127,118,120,120
120,749,43,40,45,742,737,748,67,66,26,240,238,211,26,95,116,120,120
120,749,42,44,34,740,738,751,51,49,24,240,280,277,24,97,114,120,120
120,758,61,56,32,744,743,766,69,66,25,226,343,304,25,138,113,120,120
120,746,59,40,40,735,734,746,34,44,20,232,308,238,20,154,115,120,120
120,754,65,56,64,752,748,762,72,59,23,218,315,262,23,145,105,120,120
120,754,58,40,38,744,741,756,73,45,30,240,322,290,30,126,100,120,120
120,742,47,40,30,737,736,742,72,68,25,238,329,258,25,130,99,120,120
118,746,51,22,32,736,734,749,51,45,16,206,329,297,16,133,125,118,118
120,750,54,52,51,747,743,752,42,54,29,240,322,245,29,137,101,120,120
120,748,59,50,52,747,740,754,76,51,20,222,385,328,20,155,101,120,120
120,758,62,40,45,747,748,756,59,40,27,230,343,321,27,133,105,120,120
120,745,36,40,46,745,739,750,81,41,21,212,364,268,21,137,114,120,120
120,753,47,44,64,744,743,747,51,53,26,240,343,277,26,131,122,120,120
120,742,46,43,22,739,736,747,69,37,18,230,301,236,18,168,116,120,120
120,756,50,52,62,747,748,760,71,53,25,232,287,238,25,129,100,120,120
120,749,54,35,37,739,739,764,76,50,19,240,322,298,19,138,119,120,120
116,749,60,33,42,739,739,750,75,24,24,230,364,302,24,165,117,116,120
120,759,64,37,34,744,741,765,46,32,19,202,294,225,19,118,111,120,120
120,766,74,51,41,747,744,764,64,70,25,227,280,205,25,165,116,120,120
120,754,39,49,54,746,742,752,35,46,26,224,238,211,26,84,86,120,120
120,757,57,54,61,750,746,757,76,56,23,240,343,294,23,144,118,120,120
120,745,56,18,31,736,733,754,72,50,16,240,252,265,16,111,120,120,120
120,753,54,39,44,743,741,750,77,49,33,240,252,267,33,119,101,120,120
120,746,57,37,43,741,738,749,66,54,23,240,336,252,23,140,119,120,120
58,746,48,46,47,742,738,756,58,30,17,178,301,285,17,95,117,58,58
120,760,73,49,50,747,745,758,57,49,26,240,378,339,26,157,116,120,120
120,744,30,33,37,741,739,753,104,49,27,240,259,246,27,133,120,120,120
120,749,57,26,41,739,739,759,64,52,17,240,294,255,17,134,119,120,120
114,748,52,51,42,747,740,758,72,60,22,228,301,299,22,130,103,114,114
120,749,61,22,55,739,738,751,68,48,17,232,371,329,17,140,118,120,120
120,747,62,51,44,747,739,766,79,45,24,236,343,280,24,140,119,120,120
118,757,53,40,47,744,742,765,63,49,27,238,343,295,27,123,117,118,118
120,749,43,37,52,741,740,746,66,43,23,232,329,273,23,100,96,120,120
120,749,54,37,54,744,738,753,72,46,27,236,308,288,27,133,122,120,120
120,745,67,20,33,736,733,742,60,30,15,240,252,248,15,138,101,120,120
120,747,42,35,43,739,737,742,90,31,34,240,196,159,34,82,64,120,120
120,755,60,54,59,751,746,756,67,58,31,228,273,239,31,130,99,120,120
120,751,51,26,36,745,741,749,43,44,23,240,336,243,23,143,118,120,120
120,748,50,31,43,738,738,756,72,51,25,240,322,337,25,112,102,120,120
114,744,39,22,29,735,735,755,36,23,16,194,280,297,16,110,101,114,114
120,758,49,39,41,747,746,756,67,56,27,236,329,300,27,153,120,120,120
120,752,56,24,32,737,736,754,42,50,26,240,287,268,26,167,120,120,120
114,750,50,56,42,741,739,748,69,54,19,234,252,216,19,94,113,114,114
120,750,56,50,30,744,741,757,61,56,34,210,287,321,34,112,103,120,120
120,745,45,30,44,739,739,747,50,39,33,234,378,307,33,116,118,120,120
120,745,39,42,39,740,736,756,58,41,29,232,245,225,29,117,114,120,120
120,753,58,33,37,739,739,752,64,43,20,236,322,238,20,139,100,120,120
120,755,69,39,47,743,742,751,68,39,27,234,273,260,27,149,114,120,120
120,742,48,31,36,739,739,762,68,39,23,238,350,304,23,124,103,120,120
120,748,51,23,41,738,736,748,77,47,21,239,315,233,21,117,95,120,120
120,750,43,32,42,749,741,752,42,41,22,238,287,255,22,126,117,120,120
120,754,64,39,50,746,742,762,67,65,23,236,336,306,23,152,97,120,120
120,750,52,37,49,741,740,756,62,39,24,232,308,259,24,121,100,120,120
120,755,81,46,47,743,738,756,55,52,28,230,273,268,28,124,104,120,120
120,747,40,36,42,743,740,751,70,43,18,236,315,253,18,124,114,120,120
120,744,59,29,40,735,734,749,72,43,22,240,175,155,22,128,120,120,120
120,746,48,41,53,746,742,762,77,48,29,232,273,235,29,105,116,120,120
120,752,53,35,35,738,737,758,69,50,20,240,266,238,20,143,117,120,120
120,750,41,41,44,747,739,754,77,54,28,238,385,280,28,154,114,120,120
120,750,53,35,45,742,742,752,65,62,21,222,315,265,21,141,102,120,120
120,743,39,34,36,739,738,748,65,39,20,239,196,170,20,103,115,120,120
120,758,60,42,45,748,746,759,71,58,21,240,364,313,21,159,103,120,120
120,753,46,30,42,742,738,755,62,45,26,240,252,201,26,112,97,120,120
120,748,41,51,44,745,740,764,53,36,20,236,343,295,20,116,114,120,120
120,750,59,26,44,742,740,752,48,50,17,240,259,186,17,156,124,120,120
116,744,52,37,48,743,738,762,70,58,18,224,329,296,18,135,118,116,120
120,742,34,36,32,735,733,747,93,26,18,240,329,256,18,124,114,120,120
120,750,52,46,37,743,742,754,45,57,23,224,329,274,23,149,121,120,120
120,746,40,43,47,740,740,745,71,66,17,236,217,201,17,115,113,120,120
120,751,57,33,44,742,739,750,63,65,24,240,224,203,24,131,117,120,120
116,743,67,33,40,740,738,753,81,48,22,236,469,350,22,176,104,116,120
114,747,51,49,47,745,739,749,70,48,20,222,259,276,20,130,114,114,114
112,744,46,28,37,738,736,748,87,39,22,222,336,274,22,144,116,112,120
120,752,56,41,51,749,741,749,69,45,24,222,322,306,24,129,111,120,120
120,756,60,42,34,748,740,750,71,54,24,232,329,304,24,121,85,120,120
120,749,51,52,46,748,748,755,65,62,36,240,308,293,36,123,119,120,120
120,756,48,38,40,743,741,755,76,58,30,232,343,335,30,139,115,120,120
120,756,49,48,40,744,739,752,64,38,26,236,252,258,26,100,86,120,120
120,754,73,46,41,742,740,759,74,59,32,236,231,157,32,105,101,120,120
120,745,39,22,24,739,737,758,107,43,19,240,301,240,19,143,105,120,120
120,745,41,32,30,737,734,756,38,49,23,214,294,313,23,129,118,120,120
114,748,32,35,34,744,744,762,68,44,21,206,322,280,21,102,83,114,120
120,746,57,44,57,740,738,755,75,57,21,240,308,219,21,120,99,120,120
120,743,44,60,58,740,736,746,45,40,24,238,315,215,24,121,100,120,120
120,762,57,47,56,751,747,755,64,48,32,212,378,334,32,129,114,120,120
108,744,26,32,26,739,739,753,42,47,18,216,322,255,18,130,118,108,120
120,750,59,55,46,746,741,753,49,60,20,240,322,330,20,119,113,120,120
120,747,51,39,47,744,743,762,62,63,28,234,315,314,28,144,103,120,120
120,757,52,41,49,749,747,751,69,47,28,228,266,221,28,122,105,120,120
120,754,49,22,35,737,735,744,90,32,17,236,287,250,17,122,117,120,120
120,755,58,36,36,741,741,756,68,53,23,232,224,177,23,118,114,120,120
120,751,53,52,57,747,746,758,50,41,25,240,336,262,25,154,117,120,120
120,751,56,41,46,747,743,759,60,45,24,232,343,277,24,143,116,120,120
120,747,33,42,55,747,740,750,43,54,26,210,273,284,26,126,121,120,120
120,754,47,43,43,747,744,762,58,40,29,238,329,258,29,139,119,120,120
120,740,62,36,48,741,734,756,121,45,20,240,280,246,20,125,114,120,120
120,748,41,37,26,742,740,747,93,54,27,232,322,300,27,135,98,120,120
114,753,55,48,47,745,744,760,82,57,19,222,329,337,19,125,117,114,114
120,748,38,35,31,740,738,750,77,40,20,240,315,275,20,146,114,120,120
120,756,58,48,52,747,743,758,75,54,22,218,336,319,22,121,123,120,120
120,743,44,31,45,741,738,753,83,64,32,240,231,237,32,91,101,120,120
120,748,53,33,33,738,737,749,64,26,18,232,231,253,18,117,100,120,120
120,761,65,45,39,742,742,760,64,47,41,232,252,219,41,111,102,120,120
120,758,62,35,42,744,742,766,64,62,32,240,329,275,32,155,119,120,120
120,751,54,48,35,742,738,759,57,37,21,238,399,307,21,170,108,120,120
120,747,43,52,53,748,746,758,63,45,29,216,287,242,29,117,101,120,120
120,751,75,49,45,748,741,760,69,64,22,238,343,282,22,159,99,120,120
112,747,52,35,37,739,738,750,79,48,24,224,301,270,24,138,118,112,120
118,744,56,33,54,740,740,756,63,68,23,238,301,237,23,138,115,118,118
120,747,33,26,32,739,737,749,52,49,19,232,294,263,19,117,115,120,120
120,757,71,37,44,742,740,756,71,36,29,240,280,242,29,160,83,120,120
120,758,61,47,51,748,748,756,72,54,32,228,301,244,32,107,124,120,120
120,754,59,43,54,750,742,764,45,51,28,236,385,279,28,141,113,120,120
120,752,68,40,51,745,746,757,83,40,20,240,280,271,20,134,106,120,120
120,749,54,43,70,747,742,758,72,52,23,230,315,291,23,132,120,120,120
120,747,36,36,67,746,740,755,90,33,25,240,294,278,25,94,124,120,120
120,756,59,35,26,740,740,757,72,45,17,224,280,256,17,112,114,120,120
120,754,68,37,40,746,743,749,55,41,28,236,350,273,28,142,101,120,120
120,744,36,37,38,743,737,752,71,35,16,230,343,308,16,124,112,120,120
120,747,43,54,42,749,744,759,66,62,29,226,315,305,29,130,117,120,120
120,753,47,28,47,742,743,756,63,41,19,240,322,252,19,127,108,120,120
90,748,39,48,51,742,737,746,62,37,26,210,287,246,26,96,115,90,90
120,749,64,28,46,741,739,754,58,39,24,240,266,165,24,132,113,120,120
120,742,35,31,50,738,733,740,56,75,23,240,329,275,23,107,97,120,120
120,755,77,37,32,742,737,757,97,50,17,230,350,286,17,180,116,120,120
120,756,48,45,55,748,740,761,52,55,28,240,245,231,28,117,118,120,120
120,750,76,54,42,743,739,759,68,50,30,236,371,294,30,176,120,120,120
120,756,56,47,39,743,739,756,62,55,32,238,273,264,32,116,89,120,120
120,745,31,50,44,747,738,759,73,41,31,228,343,281,31,147,116,120,120
120,749,57,43,59,748,744,756,61,54,28,238,350,350,28,134,104,120,120
120,749,45,46,37,743,744,750,60,58,22,240,273,301,22,116,114,120,120
120,751,56,41,45,747,745,764,79,58,31,232,343,310,31,140,120,120,120
120,751,56,54,41,747,742,753,67,68,23,238,280,257,23,117,114,120,120
120,751,43,55,32,745,740,757,59,36,32,240,266,181,32,111,96,120,120
120,763,66,30,44,746,747,754,32,55,30,230,308,276,30,127,98,120,120
120,750,43,42,41,747,742,753,36,50,26,240,315,317,26,116,116,120,120
120,743,38,31,24,737,733,763,61,31,14,228,336,251,14,125,99,120,120
120,755,51,43,45,748,741,744,71,62,24,236,280,217,24,131,120,120,120
120,746,39,37,39,742,742,754,64,66,21,222,252,228,21,108,87,120,120
120,754,49,52,42,746,743,760,53,56,31,228,308,269,31,119,102,120,120
112,749,52,39,34,743,740,751,66,41,27,232,273,210,27,112,112,112,120
120,746,52,29,24,734,734,750,60,43,30,216,238,245,30,96,113,120,120
120,750,31,37,30,742,742,754,68,53,22,239,273,246,22,106,72,120,120
120,749,54,33,34,739,735,753,55,50,28,220,322,297,28,128,102,120,120
120,753,48,41,51,748,743,754,54,60,21,232,336,277,21,120,110,120,120
120,744,28,48,48,744,742,753,77,59,35,210,287,282,35,93,101,120,120
112,748,29,54,46,749,741,748,51,45,26,232,322,319,26,105,85,112,120
120,757,71,36,43,742,742,754,86,40,31,226,308,267,31,118,115,120,120
120,756,48,49,53,747,742,755,46,45,22,240,301,235,22,147,112,120,120
120,755,58,24,37,739,740,760,84,46,24,224,273,237,24,137,121,120,120
120,747,43,39,37,746,742,748,61,41,22,240,294,315,22,93,86,120,120
120,757,52,41,47,746,742,762,48,45,28,240,280,273,28,145,120,120,120
120,739,41,29,36,733,732,745,59,32,23,224,280,208,23,137,117,120,120
120,758,62,41,61,750,744,768,58,66,32,215,301,246,32,140,99,120,120
120,754,49,45,36,743,739,758,78,54,31,232,343,283,31,146,118,120,120
120,750,54,39,45,745,738,759,56,43,24,240,329,259,24,129,109,120,120
120,759,68,38,39,744,744,752,73,52,28,222,273,225,28,146,101,120,120
120,759,105,42,54,740,740,762,82,56,27,236,252,212,27,137,87,120,120
120,756,58,42,39,748,746,754,66,58,35,228,308,259,35,126,100,120,120
120,746,44,37,43,743,738,753,78,49,23,222,336,260,23,145,112,120,120
120,740,22,47,40,746,741,748,75,49,23,240,252,228,23,89,109,120,120
120,758,60,40,57,747,745,756,69,54,20,240,245,219,20,113,109,120,120
120,758,62,39,48,748,744,758,72,60,23,240,350,355,23,130,118,120,120
120,750,45,28,42,746,743,750,70,30,34,232,364,287,34,142,125,120,120
120,753,52,38,37,745,737,748,64,68,25,240,238,260,25,128,119,120,120
120,764,68,30,34,745,745,759,53,36,28,232,364,288,28,156,118,120,120
120,750,88,39,41,742,742,762,69,52,21,224,315,311,21,125,116,120,120
120,747,62,33,40,738,737,748,71,61,18,224,294,256,18,122,84,120,120
120,748,39,43,51,742,738,746,49,77,26,240,273,242,26,115,113,120,120
120,750,44,35,32,741,736,752,74,91,27,232,252,264,27,99,101,120,120
120,749,54,36,46,742,742,755,59,45,28,224,266,223,28,96,96,120,120
120,753,68,48,32,742,742,757,74,43,19,238,294,243,19,119,114,120,120
120,753,45,49,36,748,748,758,71,36,24,240,364,322,24,125,116,120,120
120,754,57,45,47,745,742,752,45,37,34,240,301,283,34,140,123,120,120
120,755,68,37,53,741,736,744,82,37,27,234,280,227,27,165,117,120,120
118,754,47,22,33,736,736,754,46,50,22,234,343,294,22,153,118,118,118
120,749,54,52,49,747,744,760,45,41,25,236,336,291,25,136,101,120,120
120,757,60,28,34,742,741,756,63,47,29,234,315,285,29,154,121,120,120
120,748,43,33,41,738,736,748,77,62,22,240,329,240,22,158,118,120,120
120,749,58,45,50,744,741,756,77,51,21,236,301,221,21,121,101,120,120
120,764,58,35,39,741,737,758,57,47,23,236,224,206,23,111,116,120,120
118,745,58,29,47,735,735,748,69,51,22,222,224,244,22,123,97,118,118
120,754,65,55,65,752,740,751,68,43,22,240,315,259,22,167,121,120,120
120,752,45,50,31,748,740,756,84,47,23,214,322,267,23,136,118,120,120
120,752,46,52,49,748,740,755,82,42,23,238,294,261,23,122,102,120,120
120,756,56,41,43,745,743,751,64,51,22,240,301,261,22,155,104,120,120
120,748,50,41,51,747,747,752,72,56,28,230,371,299,28,149,122,120,120
120,750,46,37,45,742,743,749,67,43,25,240,378,331,25,164,101,120,120
120,749,32,50,52,746,742,751,58,52,17,232,322,283,17,126,110,120,120
58,742,44,35,47,744,740,748,60,39,25,174,294,202,25,95,99,58,58
120,756,68,51,55,748,746,752,66,59,24,240,343,330,24,134,120,120,120
120,756,58,52,55,748,748,756,61,43,20,240,336,305,20,143,118,120,120
120,756,67,44,42,738,738,747,71,54,20,240,322,278,20,122,99,120,120
120,747,62,35,32,741,738,747,89,53,25,240,336,265,25,138,104,120,120
120,756,51,41,42,747,743,757,57,45,23,204,357,297,23,117,101,120,120
120,749,40,26,38,738,738,763,56,53,21,238,259,262,21,119,90,120,120
118,749,43,30,57,744,740,759,66,49,25,238,273,213,25,123,114,118,120
118,757,61,37,39,744,740,766,57,60,32,232,287,288,32,136,119,118,118
120,746,39,36,34,741,739,760,90,39,23,212,350,255,23,135,121,120,120
120,748,34,44,53,744,742,746,41,46,24,240,287,279,24,114,112,120,120
120,754,47,33,41,741,737,747,64,60,28,240,252,215,28,120,112,120,120
120,746,59,20,43,734,737,754,62,57,22,234,322,274,22,160,121,120,120
120,748,52,39,32,744,741,754,57,39,21,240,315,286,21,132,116,120,120
120,744,57,31,38,737,733,740,101,61,18,240,315,237,18,146,112,120,120
118,746,80,31,49,738,734,743,81,59,17,238,315,225,17,181,118,118,118
120,746,40,39,36,743,742,759,57,39,26,230,294,267,26,125,101,120,120
114,746,46,46,63,740,736,748,69,41,17,222,259,209,17,135,115,114,120
120,755,58,58,51,745,742,759,73,49,20,232,329,297,20,139,114,120,120
120,754,89,33,33,738,738,748,88,50,24,232,287,227,24,172,117,120,120
120,750,44,47,51,750,746,751,87,37,24,236,343,293,24,124,101,120,120
120,759,62,43,36,748,744,756,68,43,26,228,343,275,26,153,122,120,120
120,744,36,30,30,738,734,744,72,32,22,240,329,303,22,156,116,120,120
120,756,55,39,58,742,741,753,63,52,19,230,371,319,19,150,103,120,120
120,750,53,52,60,747,741,760,66,63,17,238,273,238,17,127,100,120,120
106,749,62,30,63,739,738,751,57,40,28,220,224,215,28,110,114,106,106
120,751,54,26,48,742,738,766,90,63,29,236,280,277,29,123,112,120,120
120,748,54,48,48,742,741,752,68,58,29,236,315,269,29,156,116,120,120
120,756,81,37,47,742,741,749,64,31,20,234,301,312,20,129,114,120,120
120,752,61,35,45,740,736,757,59,46,29,232,329,287,29,153,118,120,120
120,746,43,28,33,741,740,755,80,76,31,222,336,302,31,117,102,120,120
120,746,47,28,41,738,738,755,76,39,29,234,273,275,29,99,114,120,120
120,754,45,49,40,746,740,754,83,42,30,240,287,334,30,102,85,120,120
120,757,62,41,43,746,744,759,53,68,33,222,322,265,33,125,116,120,120
120,756,58,46,38,750,748,766,66,47,26,234,385,343,26,146,117,120,120
120,755,60,52,51,747,745,747,66,68,31,228,259,213,31,132,113,120,120
120,755,47,43,45,748,748,758,58,47,27,230,329,286,27,141,105,120,120
120,751,43,45,54,744,744,747,61,58,30,228,343,256,30,122,114,120,120
120,751,64,41,34,738,738,754,97,37,31,240,238,206,31,132,104,120,120
120,748,40,27,40,736,736,740,75,50,22,240,245,194,22,95,114,120,120
120,758,51,30,54,747,747,768,71,43,25,236,399,303,25,146,110,120,120
120,752,54,53,39,743,737,746,72,66,23,220,280,294,23,131,121,120,120
120,755,66,41,41,745,744,766,64,67,23,232,364,339,23,164,125,120,120
120,749,44,28,39,741,736,764,75,49,15,224,259,207,15,111,101,120,120
118,747,52,29,39,738,735,747,49,37,23,238,210,185,23,137,114,118,118
120,761,66,35,41,741,739,757,80,51,24,236,280,251,24,171,119,120,120
120,739,44,27,30,736,734,752,79,42,18,240,350,223,18,143,87,120,120
120,748,50,30,35,738,738,752,117,43,21,238,378,258,21,143,116,120,120
120,750,74,39,45,744,741,754,49,52,28,228,273,315,28,144,101,120,120
120,756,51,47,39,745,742,760,72,51,30,240,294,233,30,115,119,120,120
120,756,69,50,50,746,746,757,64,63,37,240,280,210,37,130,90,120,120
120,752,45,41,38,746,742,758,60,52,24,240,371,284,24,147,103,120,120
120,752,57,43,57,747,740,755,72,42,22,216,343,295,22,116,95,120,120
90,746,39,37,57,741,738,746,44,38,26,198,259,221,26,89,112,90,90
120,754,58,39,51,743,740,758,65,30,21,236,364,291,21,144,119,120,120
120,760,62,39,41,746,745,760,63,66,30,226,315,268,30,141,121,120,120
120,753,58,30,39,747,746,762,55,56,24,228,343,294,24,149,121,120,120
120,750,45,43,46,747,745,755,64,45,30,228,245,232,30,97,84,120,120
120,749,53,26,35,739,739,753,80,54,22,232,322,255,22,140,101,120,120
116,754,66,58,61,746,743,766,76,66,27,232,350,312,27,127,97,116,120
120,745,48,39,46,745,744,751,63,50,24,240,329,283,24,140,102,120,120
120,748,44,29,42,739,736,751,62,76,21,240,308,266,21,138,121,120,120
120,753,52,46,47,741,741,758,95,50,25,222,322,286,25,135,121,120,120
120,745,48,39,42,744,738,768,57,48,18,234,357,323,18,152,115,120,120
120,754,49,43,49,750,744,754,63,42,21,232,350,262,21,139,113,120,120
120,751,56,50,62,747,745,753,77,47,30,234,336,263,30,151,102,120,120
120,742,48,31,24,737,737,747,97,26,17,232,343,257,17,139,111,120,120
120,758,58,36,36,742,740,756,63,37,27,236,322,269,27,133,99,120,120
120,751,45,36,42,743,741,753,66,49,31,232,371,311,31,139,120,120,120
120,763,77,45,51,752,746,757,69,51,29,228,301,267,29,147,123,120,120
118,750,95,44,32,739,738,754,90,51,26,232,245,194,26,121,118,118,118
120,752,47,49,48,746,742,758,68,56,22,224,343,257,22,152,98,120,120
120,747,50,43,62,747,742,758,88,50,23,234,364,354,23,137,99,120,120
120,756,75,48,45,744,742,750,65,43,30,216,231,230,30,107,104,120,120
120,758,54,43,37,746,743,753,63,55,27,236,287,220,27,133,99,120,120
120,754,40,60,36,748,746,749,50,45,24,236,266,249,24,108,110,120,120
118,756,47,37,45,745,742,758,69,43,27,238,343,318,27,158,118,118,118
120,748,43,28,42,742,742,763,73,43,19,236,350,287,19,136,119,120,120
120,754,48,35,37,742,742,758,74,47,23,236,308,238,23,158,100,120,120
120,748,33,48,54,742,744,754,87,56,27,240,315,258,27,146,116,120,120
120,751,45,49,45,746,741,758,73,51,22,230,350,267,22,134,116,120,120
120,752,74,48,63,749,736,744,60,53,21,226,287,257,21,116,101,120,120
120,752,64,46,48,742,737,753,68,43,31,240,350,261,31,128,99,120,120
120,746,43,59,41,745,740,749,63,48,30,236,308,301,30,108,98,120,120
120,762,64,35,39,741,741,749,61,56,28,230,280,217,28,157,118,120,120
120,746,49,34,47,746,741,757,58,52,19,228,364,301,19,134,98,120,120
120,750,47,37,68,747,742,755,67,54,28,240,343,256,28,134,121,120,120
120,742,37,36,40,743,739,754,53,37,19,240,238,218,19,107,103,120,120
120,742,36,33,42,736,737,740,51,39,23,226,315,324,23,109,113,120,120
120,752,47,62,38,747,739,748,75,43,18,234,322,313,18,130,110,120,120
120,755,48,30,50,743,740,757,43,51,28,236,343,332,28,121,102,120,120
120,746,57,31,32,739,735,743,47,76,29,240,357,269,29,153,119,120,120
120,754,55,41,56,747,744,763,71,42,30,230,378,339,30,149,120,120,120
120,751,38,34,45,741,738,748,63,54,22,240,343,301,22,132,106,120,120
120,755,56,32,49,746,740,751,81,56,23,240,280,266,23,112,97,120,120
120,746,43,39,56,743,741,757,56,43,32,240,336,287,32,137,116,120,120
120,756,67,47,40,743,743,757,63,43,20,226,350,289,20,144,118,120,120
120,744,48,26,54,742,742,753,58,46,18,234,315,246,18,138,114,120,120
120,748,50,48,57,745,746,749,56,41,28,224,364,244,28,159,120,120,120
120,754,47,30,45,745,741,756,55,43,23,216,294,254,23,130,126,120,120
120,759,62,37,55,742,740,747,48,60,21,240,301,268,21,120,116,120,120
120,744,44,42,52,740,738,758,49,49,29,210,343,267,29,133,116,120,120
120,752,55,41,52,745,746,752,56,63,30,208,350,240,30,139,100,120,120
120,752,47,41,50,744,741,755,84,47,21,218,350,255,21,128,121,120,120
120,751,56,31,41,741,738,757,75,53,30,236,252,258,30,121,102,120,120
120,743,48,20,29,734,734,749,72,46,23,228,259,270,23,138,100,120,120
118,758,56,38,51,744,742,760,65,47,33,234,280,293,33,120,115,118,118
118,743,45,38,48,737,734,752,85,35,24,238,273,256,24,146,118,118,118
120,757,54,38,52,744,741,749,55,36,22,206,357,324,22,131,119,120,120
120,755,49,37,50,744,744,746,66,36,25,240,315,259,25,131,120,120,120
120,752,67,41,38,746,741,760,77,53,21,240,266,209,21,131,112,120,120
120,756,49,43,57,748,748,756,60,55,22,236,329,274,22,147,115,120,120
120,750,44,48,37,748,742,765,67,40,25,208,350,320,25,129,115,120,120
120,748,44,33,26,738,738,760,84,59,17,240,294,248,17,140,112,120,120
120,755,58,48,57,743,743,754,59,51,25,232,301,257,25,134,97,120,120
118,755,60,41,62,746,741,754,59,60,26,222,308,297,26,130,123,118,118
120,744,48,35,44,744,737,753,71,37,27,234,420,359,27,168,116,120,120
120,750,61,20,39,738,734,748,69,81,20,239,210,210,20,123,98,120,120
120,756,56,35,52,746,743,762,63,47,29,228,245,217,29,130,119,120,120
108,741,37,35,32,738,739,757,75,43,18,224,322,292,18,110,103,108,120
120,761,54,34,42,748,744,752,72,54,26,224,350,297,26,156,114,120,120
120,750,58,39,61,745,740,750,74,62,23,236,287,282,23,110,117,120,120
120,760,63,40,53,746,740,753,61,51,30,224,343,288,30,167,117,120,120
120,747,51,32,39,739,737,749,71,52,22,240,301,274,22,165,123,120,120
120,760,62,43,49,748,746,752,67,65,30,236,301,271,30,141,121,120,120
120,747,53,42,52,749,744,756,80,34,27,206,385,307,27,127,122,120,120
120,751,36,50,47,747,740,747,56,58,21,232,301,259,21,123,117,120,120
120,742,43,30,42,743,739,751,54,63,26,224,322,229,26,140,103,120,120
120,752,45,43,30,748,742,758,68,45,16,222,301,206,16,124,89,120,120
120,751,54,37,39,743,741,756,58,45,21,240,385,295,21,157,102,120,120
120,747,50,37,32,742,737,750,92,86,20,228,266,242,20,127,100,120,120
120,756,70,43,51,746,741,753,63,56,31,234,329,291,31,147,117,120,120
120,748,61,51,41,740,736,744,66,59,29,234,294,254,29,147,118,120,120
120,754,54,41,57,744,741,760,73,39,33,220,364,338,33,146,119,120,120
120,754,58,37,42,745,744,751,61,74,27,236,322,286,27,126,116,120,120
120,764,54,48,52,744,741,744,64,35,25,236,357,300,25,170,114,120,120
120,748,59,31,48,741,737,744,69,39,24,236,301,261,24,173,119,120,120
120,747,51,28,47,741,739,765,80,47,22,240,336,281,22,143,116,120,120
120,746,60,31,31,736,736,753,63,44,21,240,329,287,21,141,114,120,120
120,758,60,41,54,748,746,756,69,43,27,240,336,275,27,154,121,120,120
120,748,48,45,36,744,738,752,43,40,27,240,245,200,27,125,117,120,120
118,742,35,43,41,740,738,750,51,57,27,238,238,171,27,83,64,118,118
120,751,56,52,52,750,744,750,71,48,28,230,413,314,28,164,116,120,120
120,755,60,41,58,749,749,760,64,56,34,234,357,344,34,119,105,120,120
120,750,50,35,43,742,740,750,52,49,26,236,280,227,26,134,122,120,120
120,745,39,43,30,737,738,756,75,48,27,240,357,335,27,156,120,120,120
120,754,49,44,56,751,744,749,70,54,29,214,343,285,29,135,115,120,120
120,751,47,50,54,746,741,750,49,61,25,234,343,249,25,130,100,120,120
120,745,45,35,43,741,738,756,74,67,21,234,294,263,21,133,83,120,120
120,766,59,41,36,748,744,756,79,47,23,232,287,214,23,129,100,120,120
120,754,63,50,45,746,743,749,50,46,24,226,357,255,24,145,98,120,120
120,757,60,48,56,744,743,752,52,56,33,240,273,217,33,145,101,120,120
120,759,62,47,47,750,745,762,79,51,27,232,252,218,27,126,99,120,120
120,758,68,66,60,752,747,755,76,56,24,234,301,225,24,152,105,120,120
120,756,58,39,45,742,739,746,42,59,24,240,273,261,24,123,95,120,120
120,748,59,39,62,742,736,746,52,55,34,240,161,177,34,79,83,120,120
120,748,41,37,51,741,740,750,67,59,27,240,252,258,27,110,96,120,120
120,761,55,28,41,743,742,764,68,55,22,240,315,291,22,151,118,120,120
120,748,62,30,40,745,741,752,52,59,27,236,273,216,27,125,98,120,120
120,746,41,39,30,746,740,760,65,52,18,234,371,277,18,118,119,120,120
114,750,45,39,51,742,740,764,52,57,22,220,294,310,22,121,105,114,114
120,750,52,24,39,738,737,744,72,52,23,230,322,251,23,157,120,120,120
120,745,41,39,38,743,740,743,69,43,22,228,350,258,22,139,122,120,120
120,753,59,35,34,742,740,744,56,57,29,212,413,320,29,153,118,120,120
120,756,51,41,47,750,748,758,54,58,30,228,329,305,30,141,119,120,120
120,753,45,45,55,751,747,753,54,51,23,230,343,332,23,140,117,120,120
120,746,67,27,26,734,732,744,75,22,28,236,273,254,28,150,117,120,120
120,746,45,44,41,739,738,756,72,50,27,222,371,280,27,155,120,120,120
120,744,45,44,39,743,740,752,66,54,26,240,203,166,26,106,98,120,120
120,753,57,52,51,749,747,759,63,72,24,240,329,265,24,144,114,120,120
120,750,52,30,39,746,742,751,90,60,27,240,280,221,27,129,97,120,120
120,747,43,45,38,748,744,749,47,47,29,200,322,295,29,122,122,120,120
120,745,62,37,31,740,735,741,100,74,22,240,350,269,22,169,116,120,120
120,767,62,50,57,745,743,758,58,56,24,240,238,224,24,137,107,120,120
120,756,45,50,47,748,742,752,55,53,43,240,329,257,43,133,120,120,120
120,750,47,41,58,745,746,757,58,61,32,208,315,240,32,128,87,120,120
120,744,57,35,68,742,739,749,75,66,26,234,266,227,26,123,102,120,120
108,747,50,35,52,742,740,751,97,58,23,210,378,304,23,153,117,108,120
120,747,60,35,37,743,742,752,62,33,28,224,385,313,28,174,120,120,120
120,752,56,37,37,744,738,748,69,68,30,240,266,218,30,125,98,120,120
120,753,38,59,59,746,742,750,58,43,26,234,364,290,26,151,121,120,120
120,741,36,33,41,738,736,744,59,58,25,240,252,189,25,135,112,120,120
120,751,45,40,54,745,743,765,42,45,24,206,287,221,24,110,109,120,120
120,745,39,44,50,740,740,756,67,34,23,238,266,218,23,84,110,120,120
114,750,41,44,44,742,735,749,69,47,26,234,315,325,26,121,82,114,114
120,755,60,39,39,742,743,756,70,54,30,236,294,306,30,135,120,120,120
120,754,58,28,37,741,741,762,73,47,18,240,392,335,18,143,99,120,120
120,746,74,67,45,736,731,754,54,30,23,240,350,221,23,135,117,120,120
120,762,64,26,35,740,739,770,56,51,30,212,350,270,30,162,119,120,120
120,751,64,48,49,742,739,757,80,69,27,236,329,305,27,108,117,120,120
120,754,51,56,55,752,744,762,70,47,24,240,322,271,24,141,108,120,120
120,748,51,33,38,741,736,750,82,48,20,236,273,203,20,140,113,120,120
90,744,54,20,29,734,734,747,46,68,12,198,350,293,12,120,113,90,90
120,758,43,39,46,743,740,761,81,41,22,232,315,252,22,127,121,120,120
120,750,50,40,51,741,739,751,74,48,21,240,315,319,21,138,117,120,120
120,752,54,28,47,743,742,759,46,43,16,234,343,292,16,142,113,120,120
120,746,38,41,40,745,740,763,40,52,22,240,294,217,22,137,118,120,120
120,748,45,48,34,743,739,754,76,43,34,240,329,317,34,105,119,120,120
120,751,65,48,55,743,738,758,62,52,23,236,308,255,23,132,119,120,120
120,758,62,41,46,747,743,754,99,93,32,224,315,283,32,137,116,120,120
118,747,58,35,32,739,737,759,87,32,25,235,259,213,25,140,108,118,118
120,750,54,48,39,744,740,768,56,53,36,234,238,175,36,105,109,120,120
120,752,54,35,64,744,738,747,75,34,20,240,238,205,20,104,116,120,120
116,754,49,39,41,744,744,754,67,67,29,236,287,248,29,122,122,116,120
120,745,48,62,40,747,740,752,84,56,23,236,336,319,23,135,118,120,120
120,745,37,57,43,748,741,758,69,54,30,240,329,265,30,140,103,120,120
120,738,30,20,42,736,732,742,73,28,15,238,308,214,15,167,114,120,120
120,750,43,41,47,750,742,751,64,45,30,240,329,297,30,113,102,120,120
116,747,40,46,43,742,738,760,47,54,18,236,266,223,18,114,99,116,120
120,747,50,24,38,740,740,760,73,50,20,232,301,217,20,141,115,120,120
120,761,48,30,34,744,744,745,66,49,22,238,259,261,22,119,100,120,120
120,754,58,37,43,746,743,762,62,45,29,228,280,270,29,115,99,120,120
120,756,48,52,51,746,746,763,56,43,32,210,343,299,32,139,101,120,120
120,749,43,37,48,741,741,751,51,41,19,234,315,261,19,107,102,120,120
120,744,38,37,39,744,744,764,77,40,21,206,350,282,21,127,104,120,120
120,748,50,41,40,739,737,750,72,39,25,226,399,318,25,136,114,120,120
120,739,34,26,38,735,736,741,43,41,23,224,301,268,23,132,113,120,120
120,744,39,39,45,741,739,752,71,53,20,198,378,295,20,134,112,120,120
120,758,70,45,57,752,748,751,65,70,23,240,406,333,23,163,117,120,120
120,751,47,36,52,749,745,754,79,53,28,230,252,187,28,123,103,120,120
120,749,50,44,52,745,744,751,57,47,21,232,273,206,21,108,100,120,120
120,755,51,48,51,747,743,756,54,49,29,240,343,289,29,147,115,120,120
118,747,52,44,50,744,740,749,58,50,28,230,469,350,28,170,118,118,118
120,743,37,28,41,743,742,752,74,35,20,232,301,289,20,114,99,120,120
118,750,41,37,46,742,741,750,70,47,30,236,287,244,30,94,82,118,120
120,747,62,45,33,740,739,756,74,59,24,240,259,170,24,91,69,120,120
120,754,45,70,47,748,740,756,93,49,21,240,259,216,21,94,78,120,120
118,751,47,37,38,745,741,762,66,49,32,232,343,302,32,148,114,118,118
120,749,54,36,48,742,736,750,51,40,24,236,315,247,24,135,114,120,120
120,758,49,39,34,743,742,764,52,43,29,218,322,274,29,127,115,120,120
120,757,59,50,58,747,743,753,69,52,22,236,294,267,22,122,85,120,120
120,752,58,45,43,750,745,760,65,41,26,220,315,278,26,122,102,120,120
120,752,57,40,48,744,741,751,70,49,25,220,287,261,25,118,119,120,120
120,745,47,58,31,740,734,750,52,39,18,224,322,247,18,134,97,120,120
120,754,54,46,48,747,745,760,61,51,23,232,266,210,23,121,113,120,120
120,756,51,44,62,752,746,752,58,45,32,232,308,261,32,127,100,120,120
120,754,56,42,54,740,739,754,73,59,26,240,287,250,26,140,98,120,120
120,752,56,44,30,739,736,750,72,62,19,220,287,255,19,107,122,120,120
114,744,38,34,30,739,731,751,69,48,18,234,203,220,18,86,82,114,114
120,755,68,51,56,747,740,755,56,40,25,240,315,275,25,133,102,120,120
120,753,56,30,49,745,742,762,79,58,28,240,315,203,28,123,119,120,120
120,755,56,30,48,743,743,763,69,65,21,240,301,293,21,142,114,120,120
120,753,58,52,42,748,742,752,67,49,31,222,308,246,31,132,122,120,120
120,762,66,25,33,741,740,755,62,45,38,240,294,304,38,113,113,120,120
120,753,49,53,51,748,741,768,75,43,20,226,308,309,20,135,116,120,120
120,742,54,43,44,740,734,746,83,54,29,240,322,247,29,141,113,120,120
120,747,50,35,37,740,739,756,51,52,23,230,252,203,23,141,117,120,120
120,747,68,34,30,739,736,750,83,43,19,240,343,243,19,184,119,120,120
120,745,47,24,33,739,739,750,74,55,19,224,217,270,19,96,100,120,120
120,754,51,60,45,746,742,754,74,47,31,240,259,218,31,120,98,120,120
120,755,91,41,42,742,742,757,88,34,32,226,371,324,32,169,114,120,120
120,746,41,31,32,734,733,747,59,37,17,224,189,173,17,73,65,120,120
120,756,57,57,44,748,742,752,62,51,26,240,343,248,26,157,116,120,120
120,748,52,35,35,740,739,756,59,50,23,224,203,218,23,114,119,120,120
120,753,48,50,43,747,747,764,60,47,28,240,343,281,28,125,103,120,120
120,753,58,41,48,743,741,760,62,37,20,218,357,352,20,128,114,120,120
120,749,50,44,36,743,740,758,67,50,30,236,266,290,30,126,114,120,120
120,747,43,33,44,737,738,751,41,48,25,224,231,189,25,121,121,120,120
120,760,53,49,48,748,744,752,65,57,34,240,238,216,34,121,101,120,120
120,754,49,35,39,742,741,748,47,47,21,238,315,280,21,118,114,120,120
58,746,29,38,55,743,741,747,52,58,19,176,315,312,19,87,98,58,58
120,758,69,47,57,743,740,763,54,52,22,240,350,289,22,159,120,120,120
120,747,48,40,39,738,734,759,66,49,23,240,231,224,23,103,81,120,120
120,750,52,39,50,746,745,754,60,54,28,213,301,246,28,139,122,120,120
90,750,49,24,39,739,736,746,52,36,25,210,238,178,25,102,102,90,90
120,754,41,37,37,741,737,754,73,34,28,220,266,233,28,128,112,120,120
120,751,65,35,46,743,740,760,67,47,19,240,329,291,19,141,101,120,120
120,745,46,43,36,737,736,753,58,39,30,240,336,289,30,113,96,120,120
120,752,56,43,45,747,744,757,63,56,28,240,350,291,28,142,114,120,120
112,744,28,41,53,746,744,747,57,85,22,232,231,257,22,92,112,112,120
120,749,45,48,59,743,741,755,59,58,29,214,322,239,29,137,113,120,120
120,745,60,32,37,742,740,746,59,52,29,232,301,221,29,145,117,120,120
120,752,47,35,36,740,736,756,76,51,32,228,238,195,32,119,101,120,120
120,746,45,37,48,746,741,754,71,60,26,224,273,213,26,134,117,120,120
120,754,55,41,37,748,744,745,50,48,22,208,322,253,22,130,104,120,120
120,745,48,38,40,746,738,748,55,50,29,226,315,220,29,146,105,120,120
120,748,52,42,44,740,738,758,58,43,39,240,231,198,39,126,110,120,120
120,760,69,35,37,739,739,755,51,51,20,240,301,264,20,154,113,120,120
118,762,60,55,53,751,749,752,68,36,23,234,322,282,23,161,103,118,118
120,744,37,47,51,744,738,744,47,52,31,240,245,197,31,127,102,120,120
120,741,40,64,50,739,736,756,92,41,17,214,273,279,17,104,117,120,120
120,754,46,28,44,743,740,760,57,40,30,230,273,287,30,105,120,120,120
118,758,48,54,44,750,748,758,58,56,19,220,245,222,19,117,99,118,120
120,742,68,31,20,735,735,752,85,44,19,236,343,338,19,129,107,120,120
120,762,62,43,44,748,748,762,71,68,24,239,287,245,24,123,118,120,120
120,748,42,33,47,741,737,750,69,59,28,240,294,233,28,132,104,120,120
120,748,41,39,36,744,740,747,38,36,20,232,245,230,20,84,99,120,120
120,746,68,27,33,737,738,748,87,64,23,236,315,201,23,135,99,120,120
118,756,55,66,51,751,745,752,81,60,30,222,315,293,30,157,117,118,120
120,754,66,39,49,742,741,756,81,36,30,228,273,225,30,124,103,120,120
120,760,94,35,39,740,739,755,96,64,26,240,294,251,26,138,103,120,120
120,750,34,37,38,742,740,752,92,62,17,212,301,256,17,110,113,120,120
120,754,49,50,41,746,742,746,53,63,31,239,308,245,31,149,116,120,120
120,752,60,26,53,741,739,751,70,41,25,236,259,236,25,132,113,120,120
120,750,62,35,43,740,737,751,53,43,26,240,238,177,26,120,110,120,120
120,759,60,41,32,745,745,762,70,55,29,240,322,315,29,139,107,120,120
120,746,56,29,58,740,738,754,89,65,28,240,238,234,28,123,119,120,120
120,762,55,45,47,750,749,757,67,68,33,238,329,304,33,132,86,120,120
120,744,56,34,37,740,740,742,67,41,27,228,280,223,27,114,85,120,120
120,745,48,39,52,745,738,748,84,51,35,228,343,295,35,121,113,120,120
120,745,59,40,39,738,738,752,70,50,19,212,357,283,19,158,118,120,120
120,746,50,40,40,739,734,753,58,39,22,240,322,269,22,139,117,120,120
120,750,73,43,51,747,739,752,79,44,20,238,364,270,20,149,104,120,120
120,748,50,40,40,747,744,756,44,68,24,240,343,259,24,159,117,120,120
120,750,43,56,53,753,745,753,57,53,38,232,392,294,38,154,99,120,120
112,757,48,54,54,752,746,753,59,55,29,228,329,310,29,143,114,112,120
120,748,71,31,39,738,736,754,57,59,20,239,287,235,20,142,97,120,120
120,742,67,31,43,740,736,749,71,50,21,234,273,204,21,117,113,120,120
120,747,62,41,49,746,746,749,71,66,22,240,287,289,22,157,104,120,120
120,754,49,35,52,741,740,752,57,41,21,226,196,178,21,114,99,120,120
120,742,47,28,40,742,737,741,80,39,21,240,357,261,21,151,119,120,120
120,760,72,35,41,740,741,761,57,44,19,230,273,255,19,138,117,120,120
120,742,37,26,37,742,742,752,80,51,18,224,322,267,18,135,111,120,120
120,753,58,38,57,747,739,766,67,64,25,232,266,209,25,107,83,120,120
120,739,35,38,35,734,732,745,40,30,16,240,238,214,16,137,100,120,120
120,752,56,52,51,748,746,749,63,59,29,224,371,287,29,142,119,120,120
120,763,68,40,47,745,745,754,63,58,26,220,336,305,26,135,118,120,120
120,750,56,30,32,742,742,754,74,54,27,240,252,256,27,114,88,120,120
120,760,61,39,46,744,740,747,54,58,20,236,259,202,20,139,95,120,120
116,752,44,41,37,748,741,748,70,45,27,204,336,254,27,156,98,116,116
120,744,57,43,27,737,735,745,65,39,25,240,266,169,25,141,98,120,120
120,755,51,43,54,746,745,756,78,51,25,240,280,245,25,141,117,120,120
120,746,40,34,40,743,738,748,71,45,20,218,315,266,20,132,119,120,120
120,744,39,24,28,740,737,751,82,42,19,234,287,247,19,107,98,120,120
120,755,58,32,55,748,747,750,73,54,36,234,287,249,36,146,121,120,120
120,756,60,49,38,746,744,750,79,60,29,226,273,228,29,123,109,120,120
106,751,47,44,41,741,742,754,59,36,28,226,308,301,28,103,117,106,106
120,752,51,61,55,749,742,751,51,34,24,228,252,237,24,100,85,120,120
120,753,48,52,57,746,745,749,60,48,23,228,301,263,23,119,105,120,120
120,759,61,51,54,749,743,762,49,47,30,224,301,286,30,135,104,120,120
120,751,47,40,52,745,744,757,61,47,32,216,364,282,32,137,116,120,120
120,753,47,46,39,741,741,754,61,56,30,238,308,246,30,119,118,120,120
114,760,52,51,42,743,742,752,59,46,22,234,322,290,22,147,117,114,120
120,758,66,47,34,744,742,754,77,53,23,240,294,223,23,141,107,120,120
120,758,83,34,65,746,742,749,80,55,21,228,371,306,21,146,119,120,120
120,752,54,52,52,750,747,753,57,54,29,226,301,234,29,127,116,120,120
120,741,24,42,43,739,740,746,51,37,18,220,357,309,18,127,117,120,120
120,749,49,46,53,742,735,747,58,46,34,240,273,235,34,117,122,120,120
120,744,39,42,32,737,735,752,78,35,23,228,385,295,23,170,115,120,120
120,753,44,36,42,751,744,756,48,54,20,214,329,252,20,125,99,120,120
114,757,71,39,45,744,744,761,70,47,33,228,294,296,33,138,114,114,114
86,743,39,43,31,738,736,748,54,42,23,206,238,210,23,104,117,86,90
120,746,80,76,63,742,739,750,74,75,31,240,280,215,31,131,119,120,120
120,752,55,26,36,741,739,751,34,40,21,240,343,269,21,149,90,120,120
58,756,78,33,32,738,736,751,65,48,19,178,301,273,19,119,119,58,58
120,748,61,48,43,743,739,742,58,61,20,230,301,238,20,153,102,120,120
118,754,45,43,44,750,750,753,66,45,24,238,343,290,24,136,120,118,120
120,753,56,24,45,738,736,754,67,45,18,238,350,338,18,142,116,120,120
120,760,65,60,36,745,744,754,66,53,27,238,266,221,27,119,101,120,120
118,749,54,50,44,748,746,751,59,58,22,202,266,260,22,101,103,118,120
120,758,49,41,57,746,743,752,72,64,34,218,273,257,34,114,105,120,120
120,755,48,42,51,747,742,754,65,52,30,226,266,214,30,118,82,120,120
120,748,43,26,40,741,736,752,77,55,19,236,210,189,19,103,112,120,120
120,754,58,35,39,740,740,761,83,58,18,228,245,251,18,98,112,120,120
120,744,38,56,35,741,737,748,103,60,17,192,294,315,17,87,98,120,120
120,754,58,41,45,748,742,756,56,61,25,236,315,250,25,120,100,120,120
120,751,45,39,52,743,744,750,60,44,23,222,385,284,23,174,116,120,120
104,746,38,44,41,739,736,747,78,60,24,224,315,242,24,135,115,104,120
120,755,69,38,50,745,743,755,60,51,24,240,329,313,24,136,118,120,120
120,761,51,40,40,746,742,768,62,47,23,236,343,288,23,143,90,120,120
120,752,46,42,31,740,734,754,55,33,22,240,231,241,22,96,68,120,120
120,754,38,28,44,742,742,752,62,54,26,240,287,238,26,124,117,120,120
120,749,85,37,48,743,740,748,76,48,20,234,378,344,20,166,115,120,120
120,748,30,48,34,740,737,752,97,41,23,226,252,274,23,131,109,120,120
120,754,51,39,48,742,741,751,67,54,20,230,259,268,20,115,107,120,120
120,748,50,50,42,746,739,754,72,59,29,194,238,207,29,111,102,120,120
120,748,41,50,39,746,744,753,68,41,39,231,315,244,39,144,102,120,120
106,742,43,22,39,737,736,759,45,46,24,226,217,270,24,106,116,106,106
120,751,64,24,31,739,736,757,72,56,31,240,266,246,31,136,116,120,120
